time,sender_number,packets_received,packets_sent,packets_lost,sending_duration,total_delay
1.076302,0,0,2,0,101.000000,0.000000
2.089302,0,16,17,0,1114.000000,1617.000000
3.000302,0,38,42,0,2025.000000,3846.000000
4.013302,0,95,100,0,3038.000000,9615.000000
5.027302,0,138,147,0,4052.000000,13964.000000
6.037302,0,196,198,0,5062.000000,19832.000000
7.056302,0,208,209,0,6081.000000,21044.000000
8.066302,0,226,230,0,7091.000000,22863.000000
9.078302,0,280,289,0,8103.000000,28328.000000
10.000302,0,395,411,1,9025.000000,39978.000000
11.003302,0,523,534,1,10028.000000,52963.000000
12.022302,0,652,668,3,11047.000000,66043.000000
13.032302,0,798,814,3,12057.000000,80818.000000
14.045302,0,928,948,5,13070.000000,93977.000000
15.057302,0,1049,1066,7,14082.000000,106223.000000
16.000302,0,1119,1133,7,15025.000000,113302.000000
17.077302,0,1160,1168,7,16102.000000,117443.000000
18.090302,0,1183,1194,9,17115.000000,119769.000000
19.003302,0,1216,1231,10,18028.000000,123115.000000
20.013302,0,1288,1310,11,19038.000000,130424.000000
21.026302,0,1387,1404,11,20051.000000,140433.000000
22.037302,0,1481,1502,11,21062.000000,149951.000000
23.060302,0,1606,1635,13,22085.000000,162617.000000
24.074302,0,1764,1795,18,23099.000000,178661.000000
25.000302,0,1886,1918,18,24025.000000,190990.000000
26.002302,0,2026,2061,20,25027.000000,205158.000000
27.006302,0,2174,2210,20,26031.000000,220132.000000
28.026302,0,2302,2331,20,27051.000000,233072.000000
29.041302,0,2359,2384,20,28066.000000,238839.000000
30.072302,0,2386,2407,20,29097.000000,241568.000000
31.084302,0,2403,2425,21,30109.000000,243289.000000
32.094302,0,2422,2446,21,31119.000000,245211.000000
33.003302,0,2462,2491,21,32028.000000,249264.000000
34.013302,0,2526,2557,22,33038.000000,255734.000000
35.024302,0,2625,2656,22,34049.000000,265752.000000
36.049302,0,2694,2724,23,35074.000000,272733.000000
37.062302,0,2802,2838,24,36087.000000,283655.000000
38.074302,0,2926,2965,28,37099.000000,296212.000000
39.000302,0,3039,3089,29,38025.000000,307651.000000
40.000302,0,3236,3286,31,39025.000000,327618.000000
41.009302,0,3437,3498,32,40034.000000,347954.000000
42.020302,0,3753,3826,35,41045.000000,380043.000000
43.031302,0,4101,4170,39,42056.000000,415291.000000
44.050302,0,4389,4457,42,43075.000000,444420.000000
45.008302,0,4688,4767,43,44033.000000,474736.000000
46.000302,0,5109,5204,49,45025.000000,517589.000000
47.000302,0,5590,5704,56,46025.000000,566624.000000
48.000302,0,6215,6350,67,47025.000000,630322.000000
49.000302,0,7092,7286,82,48025.000000,720855.000000
50.000302,0,8087,8376,160,49025.000000,829314.000000
51.000302,0,9077,9621,407,50025.000000,937858.000000
52.000302,0,10067,11135,881,51025.000000,1047051.000000
53.000302,0,11057,12763,1536,52025.000000,1156164.000000
54.000302,0,12040,14460,2238,53025.000000,1264667.000000
55.000302,0,13025,16278,3033,54025.000000,1373129.000000
56.000302,0,14011,18362,4128,55025.000000,1481355.000000
57.000302,0,14998,20212,4991,56025.000000,1589986.000000
58.000302,0,15987,21880,5724,57025.000000,1698831.000000
59.000302,0,16981,23705,6517,58025.000000,1808140.000000
60.000302,0,17974,25319,7218,59025.000000,1916640.000000
61.000302,0,18962,26544,7472,60025.000000,2024088.000000
62.000302,0,19885,27454,7488,61025.000000,2120074.000000
63.000302,0,20741,28329,7498,62025.000000,2207421.000000
64.000302,0,21714,29325,7506,63025.000000,2308901.000000
65.000302,0,22697,30348,7536,64025.000000,2413276.000000
66.000302,0,23689,31407,7615,65025.000000,2521639.000000
67.000302,0,24674,32427,7637,66025.000000,2626489.000000
68.000302,0,25666,33446,7678,67025.000000,2733429.000000
69.000302,0,26614,34402,7685,68025.000000,2831802.000000
70.000302,0,27580,35376,7698,69025.000000,2931406.000000
71.000302,0,28563,36385,7721,70025.000000,3035613.000000
72.000302,0,29534,37363,7734,71025.000000,3137076.000000
73.000302,0,30460,38309,7743,72025.000000,3232493.000000
74.000302,0,31449,39404,7827,73025.000000,3340120.000000
75.000302,0,32438,40491,7943,74025.000000,3448020.000000
76.000302,0,33427,41616,8058,75025.000000,3556284.000000
77.000302,0,34413,42805,8275,76025.000000,3664118.000000
78.000302,0,35400,43924,8405,77025.000000,3772299.000000
79.000302,0,36349,44875,8443,78025.000000,3872626.000000
80.000302,0,37064,45570,8447,79025.000000,3945142.000000
81.000302,0,37595,46101,8454,80025.000000,3998913.000000
82.000302,0,38130,46645,8458,81025.000000,4053221.000000
83.000302,0,38740,47281,8464,82025.000000,4115378.000000
84.000302,0,39580,48149,8474,83025.000000,4201605.000000
85.000302,0,40558,49215,8528,84025.000000,4307097.000000
86.000302,0,41548,50371,8693,85025.000000,4415872.000000
87.000302,0,42539,51500,8858,86025.000000,4524060.000000
88.000302,0,43469,52440,8869,87025.000000,4619728.000000
89.000302,0,44446,53433,8884,88025.000000,4722035.000000
90.000302,0,45434,54533,8961,89025.000000,4828391.000000
91.000302,0,46424,55652,9107,90025.000000,4936729.000000
92.000302,0,47416,56728,9197,91025.000000,5045347.000000
93.000302,0,48405,57787,9264,92025.000000,5153030.000000
94.001302,0,49361,58737,9286,93026.000000,5253043.000000
95.000302,0,50237,59629,9295,94025.000000,5342356.000000
96.000302,0,51214,60725,9375,95025.000000,5447815.000000
97.000302,0,52205,61900,9573,96025.000000,5556648.000000
98.000302,0,53194,62996,9684,97025.000000,5664348.000000
99.000302,0,54183,64062,9765,98025.000000,5772535.000000
100.000302,0,55141,65026,9793,99025.000000,5873755.000000
101.000302,0,56029,65933,9802,100025.000000,5964560.000000
102.000302,0,56992,66904,9812,101025.000000,6064585.000000
103.000302,0,57977,67906,9818,102025.000000,6168101.000000
104.000302,0,58970,69064,9962,103025.000000,6276953.000000
105.000302,0,59963,70218,10135,104025.000000,6385666.000000
106.000302,0,60952,71248,10185,105025.000000,6493408.000000
107.000302,0,61939,72246,10205,106025.000000,6598925.000000
108.000302,0,62924,73255,10229,107025.000000,6703815.000000
109.000302,0,63861,74195,10240,108025.000000,6800041.000000
110.000302,0,64765,75110,10249,109025.000000,6892328.000000
111.000302,0,65743,76165,10297,110025.000000,6996518.000000
112.000302,0,66638,77043,10328,111025.000000,7090124.000000
113.000302,0,67385,77797,10333,112025.000000,7165979.000000
114.000302,0,68290,78744,10346,113025.000000,7259015.000000
115.000302,0,69251,79711,10352,114025.000000,7359259.000000
116.000302,0,70246,80838,10472,115025.000000,7468211.000000
117.000302,0,71238,81990,10617,116025.000000,7576835.000000
118.000302,0,72225,83179,10833,117025.000000,7684969.000000
119.000302,0,73213,84340,10996,118025.000000,7793449.000000
120.000302,0,74207,85502,11175,119025.000000,7902206.000000
121.000302,0,75196,86555,11250,120025.000000,8010505.000000
122.000302,0,76175,87546,11277,121025.000000,8115011.000000
123.000302,0,76962,88321,11286,122025.000000,8195008.000000
124.000302,0,77667,89046,11296,123025.000000,8266854.000000
125.000302,0,78475,89856,11303,124025.000000,8349315.000000
126.000302,0,79338,90743,11308,125025.000000,8437996.000000
127.000302,0,80227,91638,11315,126025.000000,8528659.000000
128.000302,0,81201,92740,11400,127025.000000,8633943.000000
129.000302,0,82192,93862,11555,128025.000000,8742643.000000
130.000302,0,83179,94879,11595,129025.000000,8848829.000000
131.000302,0,84163,95875,11602,130025.000000,8951479.000000
132.000302,0,85114,96825,11612,131025.000000,9050873.000000
133.000302,0,86071,97797,11621,132025.000000,9150142.000000
134.000302,0,87033,98767,11637,133025.000000,9249765.000000
135.000302,0,87948,99684,11648,134025.000000,9343449.000000
136.000302,0,88822,100591,11664,135025.000000,9433802.000000
137.000302,0,89806,101599,11682,136025.000000,9538166.000000
138.000302,0,90796,102677,11760,137025.000000,9646043.000000
139.000302,0,91790,103777,11882,138025.000000,9754375.000000
140.000302,0,92766,104763,11903,139025.000000,9858273.000000
141.000302,0,93627,105624,11909,140025.000000,9945764.000000
142.000302,0,94564,106603,11927,141025.000000,10044117.000000
143.000302,0,95496,107532,11943,142025.000000,10140586.000000
144.000302,0,96466,108545,11968,143025.000000,10243188.000000
145.000302,0,97453,109680,12103,144025.000000,10351405.000000
146.000302,0,98442,110898,12330,145025.000000,10460284.000000
147.000302,0,99385,111878,12398,146025.000000,10560623.000000
148.000302,0,100301,112806,12405,147025.000000,10654537.000000
149.000302,0,101275,113798,12419,148025.000000,10757783.000000
150.000302,0,102180,114708,12434,149025.000000,10851067.000000
151.000302,0,103109,115664,12442,150025.000000,10946607.000000
152.000302,0,104099,116698,12495,151025.000000,11053572.000000
153.000302,0,105084,117743,12534,152025.000000,11158612.000000
154.000302,0,106076,118794,12596,153025.000000,11265772.000000
155.000302,0,106991,119720,12652,154025.000000,11362564.000000
156.000302,0,107855,120619,12666,155025.000000,11450862.000000
157.000302,0,108832,121629,12692,156025.000000,11554902.000000
158.000302,0,109821,122673,12738,157025.000000,11660814.000000
159.000302,0,110801,123679,12783,158025.000000,11765421.000000
160.000302,0,111764,124651,12791,159025.000000,11865167.000000
161.000302,0,112709,125684,12842,160025.000000,11964547.000000
162.000302,0,113699,126926,13101,161025.000000,12073463.000000
163.000302,0,114691,128058,13249,162025.000000,12181273.000000
164.000302,0,115672,129059,13285,163025.000000,12285539.000000
165.000302,0,116602,130012,13299,164025.000000,12381979.000000
166.000302,0,117596,131048,13332,165025.000000,12489895.000000
167.000302,0,118586,132155,13457,166025.000000,12598203.000000
168.000302,0,119551,133114,13472,167025.000000,12699188.000000
169.000302,0,120506,134088,13482,168025.000000,12798332.000000
170.000302,0,121488,135087,13486,169025.000000,12902611.000000
171.000302,0,122474,136078,13503,170025.000000,13007540.000000
172.000302,0,123444,137095,13529,171025.000000,13110380.000000
173.000302,0,124431,138199,13656,172025.000000,13218517.000000
174.000302,0,125417,139201,13677,173025.000000,13323684.000000
175.000302,0,126403,140282,13759,174025.000000,13431449.000000
176.000302,0,127390,141295,13788,175025.000000,13536656.000000
177.000302,0,128343,142235,13805,176025.000000,13636088.000000
178.000302,0,129254,143180,13818,177025.000000,13729909.000000
179.000302,0,130239,144330,13967,178025.000000,13837251.000000
180.000302,0,131229,145354,14020,179025.000000,13943454.000000
181.000302,0,132215,146393,14063,180025.000000,14049469.000000
182.000302,0,133197,147361,14075,181025.000000,14154265.000000
183.000302,0,134103,148300,14084,182025.000000,14247869.000000
184.000302,0,135090,149355,14155,183025.000000,14355707.000000
185.000302,0,136070,150360,14178,184025.000000,14460441.000000
186.000302,0,137061,151414,14230,185025.000000,14567751.000000
187.000302,0,138014,152392,14277,186025.000000,14667908.000000
188.000302,0,139004,153458,14347,187025.000000,14774226.000000
189.000302,0,139927,154386,14363,188025.000000,14869501.000000
190.000302,0,140899,155378,14372,189025.000000,14969874.000000
191.000302,0,141885,156410,14415,190025.000000,15076421.000000
192.000302,0,142876,157507,14495,191025.000000,15184062.000000
193.000302,0,143872,158627,14658,192025.000000,15293072.000000
194.000302,0,144843,159659,14693,193025.000000,15396201.000000
195.000302,0,145819,160672,14759,194025.000000,15501114.000000
196.000302,0,146760,161657,14782,195025.000000,15599946.000000
197.000302,0,147739,162649,14817,196025.000000,15705009.000000
198.000302,0,148702,163648,14829,197025.000000,15805855.000000
199.000302,0,149696,164670,14863,198025.000000,15912814.000000
200.000302,0,150687,165701,14887,199025.000000,16018959.000000
201.000302,0,151675,166745,14968,200025.000000,16126288.000000
202.000302,0,152622,167695,14978,201025.000000,16223697.000000
203.000302,0,153573,168658,14994,202025.000000,16321378.000000
204.000302,0,154519,169627,15003,203025.000000,16418835.000000
205.000302,0,155456,170566,15016,204025.000000,16515098.000000
206.000302,0,156399,171567,15041,205025.000000,16613604.000000
207.000302,0,157390,172693,15182,206025.000000,16722467.000000
208.000302,0,158346,173663,15211,207025.000000,16821360.000000
209.000302,0,159322,174652,15230,208025.000000,16924784.000000
210.000302,0,160301,175634,15239,209025.000000,17027084.000000
211.000302,0,161276,176640,15254,210025.000000,17130364.000000
212.000302,0,162260,177703,15331,211025.000000,17238064.000000
213.000302,0,163249,178731,15364,212025.000000,17344484.000000
214.000302,0,164234,179944,15575,213025.000000,17452810.000000
215.000302,0,165221,181122,15781,214025.000000,17560624.000000
216.000302,0,166204,182114,15808,215025.000000,17664046.000000
217.000302,0,167089,182992,15816,216025.000000,17754744.000000
218.000302,0,167903,183819,15822,217025.000000,17837836.000000
219.000302,0,168858,184809,15845,218025.000000,17938408.000000
220.000302,0,169842,185916,15951,219025.000000,18045676.000000
221.000302,0,170828,187017,16076,220025.000000,18153586.000000
222.000302,0,171817,188060,16143,221025.000000,18260908.000000
223.000302,0,172696,188932,16152,222025.000000,18350780.000000
224.000302,0,173595,189866,16159,223025.000000,18443482.000000
225.000302,0,174586,190898,16207,224025.000000,18551500.000000
226.000302,0,175538,191858,16214,225025.000000,18650000.000000
227.000302,0,176520,192864,16235,226025.000000,18753348.000000
228.000302,0,177499,193885,16275,227025.000000,18859084.000000
229.000302,0,178492,194911,16305,228025.000000,18967012.000000
230.000302,0,179477,195915,16332,229025.000000,19073352.000000
231.000302,0,180466,196927,16357,230025.000000,19179644.000000
232.000302,0,181412,197863,16361,231025.000000,19276800.000000
233.000302,0,182370,198875,16394,232025.000000,19378188.000000
234.000302,0,183359,199886,16420,233025.000000,19484904.000000
235.000302,0,184310,200867,16444,234025.000000,19584790.000000
236.000302,0,185301,201904,16500,235025.000000,19692504.000000
237.000302,0,186280,202873,16505,236025.000000,19794060.000000
238.000302,0,187193,203806,16513,237025.000000,19887630.000000
239.000302,0,188183,204813,16517,238025.000000,19992116.000000
240.000302,0,189160,205825,16570,239025.000000,20097564.000000
241.000302,0,190121,206814,16587,240025.000000,20197260.000000
242.000302,0,191106,207819,16604,241025.000000,20301544.000000
243.000302,0,192091,208843,16635,242025.000000,20408084.000000
244.000302,0,193082,209867,16669,243025.000000,20515816.000000
245.000302,0,194074,210939,16747,244025.000000,20623660.000000
246.000302,0,195013,211896,16795,245025.000000,20722616.000000
247.000302,0,195968,212897,16818,246025.000000,20822776.000000
248.000302,0,196954,213900,16848,247025.000000,20928044.000000
249.000302,0,197839,214797,16858,248025.000000,21018156.000000
250.000302,0,198740,215695,16865,249025.000000,21109988.000000
251.000302,0,199672,216656,16878,250025.000000,21205664.000000
252.000302,0,200624,217625,16895,251025.000000,21303632.000000
253.000302,0,201610,218653,16941,252025.000000,21410120.000000
254.000302,0,202579,219654,16963,253025.000000,21512012.000000
255.000302,0,203541,220607,16974,254025.000000,21612266.000000
256.000302,0,204462,221546,16982,255025.000000,21706580.000000
257.000302,0,205450,222657,17079,256025.000000,21813290.000000
258.000302,0,206437,223701,17168,257025.000000,21919802.000000
259.000302,0,207395,224692,17187,258025.000000,22020252.000000
260.000302,0,208383,225683,17202,259025.000000,22125080.000000
261.001302,0,209252,226538,17204,260026.000000,22213572.000000
262.000302,0,210119,227420,17209,261025.000000,22301812.000000
263.000302,0,211084,228406,17220,262025.000000,22401342.000000
264.000302,0,212071,229410,17235,263025.000000,22506364.000000
265.000302,0,212992,230330,17243,264025.000000,22601232.000000
266.000302,0,213970,231392,17303,265025.000000,22706980.000000
267.000302,0,214956,232462,17398,266025.000000,22814596.000000
268.000302,0,215939,233457,17413,267025.000000,22918254.000000
269.000302,0,216916,234451,17434,268025.000000,23022134.000000
270.000302,0,217836,235377,17442,269025.000000,23116288.000000
271.000302,0,218814,236394,17461,270025.000000,23219912.000000
272.000302,0,219801,237423,17518,271025.000000,23327248.000000
273.000302,0,220796,238507,17581,272025.000000,23435264.000000
274.000302,0,221779,239594,17720,273025.000000,23541192.000000
275.000302,0,222712,240540,17730,274025.000000,23637210.000000
276.000302,0,223691,241542,17745,275025.000000,23740978.000000
277.000302,0,224681,242552,17761,276025.000000,23847154.000000
278.000302,0,225672,243602,17807,277025.000000,23954964.000000
279.000302,0,226667,244731,17948,278025.000000,24064020.000000
280.000302,0,227633,245699,17964,279025.000000,24164220.000000
281.000302,0,228621,246735,17993,280025.000000,24270552.000000
282.000302,0,229609,247838,18113,281025.000000,24378956.000000
283.000302,0,230587,248835,18141,282025.000000,24483238.000000
284.000302,0,231582,249839,18152,283025.000000,24589760.000000
285.000302,0,232563,250855,18170,284025.000000,24693300.000000
286.000302,0,233553,251879,18217,285025.000000,24800896.000000
287.000302,0,234541,252909,18257,286025.000000,24908428.000000
288.000302,0,235503,253876,18276,287025.000000,25008460.000000
289.000302,0,236487,254874,18282,288025.000000,25110232.000000
290.000302,0,237466,255853,18291,289025.000000,25212314.000000
291.000302,0,238427,256829,18297,290025.000000,25311712.000000
292.000302,0,239408,257828,18311,291025.000000,25415030.000000
293.000302,0,240398,258836,18327,292025.000000,25520096.000000
294.000302,0,241387,259912,18424,293025.000000,25628210.000000
295.000302,0,242339,260873,18436,294025.000000,25726068.000000
296.000302,0,243233,261783,18445,295025.000000,25817696.000000
297.000302,0,244223,262831,18497,296025.000000,25924434.000000
298.000302,0,245215,263861,18535,297025.000000,26032278.000000
299.000302,0,246205,264875,18571,298025.000000,26139158.000000
300.000302,0,247099,265776,18587,299025.000000,26230192.000000
301.000302,0,248007,266692,18592,300025.000000,26322892.000000
302.000302,0,248987,267700,18617,301025.000000,26427024.000000
303.000302,0,249947,268684,18628,302025.000000,26526920.000000
304.000302,0,250936,269707,18661,303025.000000,26634088.000000
305.000302,0,251923,270696,18676,304025.000000,26739362.000000
306.000302,0,252899,271689,18684,305025.000000,26841608.000000
307.000302,0,253883,272703,18709,306025.000000,26946498.000000
308.000302,0,254862,273715,18742,307025.000000,27051132.000000
309.000302,0,255827,274688,18759,308025.000000,27152686.000000
310.000302,0,256810,275769,18843,309025.000000,27258476.000000
311.000302,0,257786,276771,18885,310025.000000,27361746.000000
312.000302,0,258697,277685,18890,311025.000000,27454868.000000
313.000302,0,259672,278676,18896,312025.000000,27555750.000000
314.000302,0,260658,279670,18910,313025.000000,27660130.000000
315.000302,0,261615,280634,18919,314025.000000,27759020.000000
316.000302,0,262595,281627,18927,315025.000000,27860812.000000
317.000302,0,263583,282637,18950,316025.000000,27966902.000000
318.000302,0,264569,283635,18968,317025.000000,28072026.000000
319.000302,0,265528,284612,18980,318025.000000,28171484.000000
320.000302,0,266486,285570,18990,319025.000000,28270436.000000
321.000302,0,267455,286566,19000,320025.000000,28373136.000000
322.000302,0,268444,287571,19022,321025.000000,28479280.000000
323.000302,0,269414,288544,19040,322025.000000,28581548.000000
324.000302,0,270372,289537,19053,323025.000000,28681528.000000
325.000302,0,271358,290682,19190,324025.000000,28789946.000000
326.000302,0,272351,291859,19398,325025.000000,28899456.000000
327.000302,0,273319,292842,19418,326025.000000,28999896.000000
328.000302,0,274308,293905,19487,327025.000000,29108100.000000
329.000302,0,275292,294897,19505,328025.000000,29212428.000000
330.000302,0,276241,295871,19516,329025.000000,29310688.000000
331.000302,0,277224,296942,19613,330025.000000,29417556.000000
332.000302,0,278179,297913,19625,331025.000000,29516390.000000
333.000302,0,279168,298959,19673,332025.000000,29624192.000000
334.000302,0,280152,300016,19763,333025.000000,29731146.000000
335.000302,0,281139,301025,19780,334025.000000,29835416.000000
336.000302,0,282110,302001,19790,335025.000000,29936680.000000
337.000302,0,283099,303035,19830,336025.000000,30042884.000000
338.000302,0,284073,304003,19838,337025.000000,30144472.000000
339.000302,0,285008,304963,19851,338025.000000,30240090.000000
340.000302,0,285980,305955,19862,339025.000000,30341100.000000
341.000302,0,286958,306942,19884,340025.000000,30445066.000000
342.000302,0,287940,307963,19906,341025.000000,30549830.000000
343.000302,0,288927,308963,19931,342025.000000,30654768.000000
344.000302,0,289903,309942,19941,343025.000000,30755388.000000
345.000302,0,290875,310949,19963,344025.000000,30858784.000000
346.000302,0,291859,311959,19985,345025.000000,30964092.000000
347.000302,0,292851,313013,20045,346025.000000,31072544.000000
348.000302,0,293809,313969,20075,347025.000000,31173932.000000
349.000302,0,294727,314899,20080,348025.000000,31268768.000000
350.001302,0,295562,315731,20086,349026.000000,31353728.000000
351.000302,0,296468,316666,20095,350025.000000,31447288.000000
352.000302,0,297454,317671,20105,351025.000000,31551038.000000
353.000302,0,298446,318710,20151,352025.000000,31659548.000000
354.000302,0,299434,319738,20204,353025.000000,31767144.000000
355.000302,0,300409,320732,20217,354025.000000,31868512.000000
356.000302,0,301395,321737,20240,355025.000000,31973060.000000
357.000302,0,302350,322692,20247,356025.000000,32072116.000000
358.000302,0,303332,323763,20308,357025.000000,32177784.000000
359.000302,0,304325,324874,20444,358025.000000,32286746.000000
360.000302,0,305260,325810,20453,359025.000000,32382960.000000
361.000302,0,306203,326776,20458,360025.000000,32480332.000000
362.000302,0,307195,327862,20551,361025.000000,32589174.000000
363.000302,0,308168,328830,20569,362025.000000,32691398.000000
364.000302,0,309117,329806,20578,363025.000000,32788736.000000
365.000302,0,310104,330872,20656,364025.000000,32896712.000000
366.000302,0,311043,331801,20667,365025.000000,32994020.000000
367.000302,0,311888,332662,20675,366025.000000,33080070.000000
368.000302,0,312856,333652,20682,367025.000000,33179766.000000
369.000302,0,313844,334656,20710,368025.000000,33285976.000000
370.000302,0,314828,335665,20724,369025.000000,33390096.000000
371.000302,0,315820,336707,20789,370025.000000,33498524.000000
372.000302,0,316756,337680,20813,371025.000000,33595884.000000
373.000302,0,317739,338682,20839,372025.000000,33700960.000000
374.000302,0,318727,339709,20875,373025.000000,33807904.000000
375.000302,0,319709,340730,20915,374025.000000,33912992.000000
376.000302,0,320686,341733,20931,375025.000000,34016284.000000
377.000302,0,321657,342724,20964,376025.000000,34119044.000000
378.000302,0,322631,343730,20982,377025.000000,34221064.000000
379.000302,0,323620,344770,21040,378025.000000,34328360.000000
380.000302,0,324612,345762,21058,379025.000000,34434060.000000
381.000302,0,325531,346712,21071,380025.000000,34529632.000000
382.000302,0,326525,347710,21078,381025.000000,34634996.000000
383.000302,0,327513,348710,21092,382025.000000,34740204.000000
384.000302,0,328503,349762,21148,383025.000000,34847992.000000
385.000302,0,329474,350741,21160,384025.000000,34949332.000000
386.000302,0,330458,351737,21170,385025.000000,35052260.000000
387.000302,0,331447,352750,21198,386025.000000,35159052.000000
388.000302,0,332437,353761,21219,387025.000000,35265544.000000
389.000302,0,333426,354778,21244,388025.000000,35372216.000000
390.000302,0,334407,355750,21255,389025.000000,35475708.000000
391.000302,0,335331,356716,21278,390025.000000,35572288.000000
392.000302,0,336264,357634,21284,391025.000000,35668264.000000
393.000302,0,337187,358588,21293,392025.000000,35763484.000000
394.000302,0,338174,359592,21309,393025.000000,35867728.000000
395.000302,0,339167,360617,21343,394025.000000,35975876.000000
396.000302,0,340153,361670,21407,395025.000000,36083488.000000
397.000302,0,341142,362663,21417,396025.000000,36187236.000000
398.000302,0,342107,363643,21430,397025.000000,36288336.000000
399.000302,0,343096,364690,21479,398025.000000,36395532.000000
400.000302,0,344085,365705,21508,399025.000000,36501864.000000
401.000302,0,345070,366721,21535,400025.000000,36608088.000000
402.000302,0,346061,367784,21609,401025.000000,36715860.000000
403.000302,0,347026,368763,21636,402025.000000,36818204.000000
404.000302,0,347934,369694,21651,403025.000000,36910984.000000
405.000302,0,348921,370703,21675,404025.000000,37017776.000000
406.000302,0,349861,371643,21686,405025.000000,37114992.000000
407.000302,0,350848,372659,21700,406025.000000,37220616.000000
408.000302,0,351839,373675,21728,407025.000000,37328260.000000
409.000302,0,352817,374663,21738,408025.000000,37431656.000000
410.000302,0,353801,375666,21747,409025.000000,37536008.000000
411.000302,0,354783,376716,21821,410025.000000,37643008.000000
412.000302,0,355769,377722,21852,411025.000000,37748544.000000
413.000302,0,356735,378698,21860,412025.000000,37847756.000000
414.000302,0,357717,379693,21873,413025.000000,37949576.000000
415.000302,0,358674,380654,21880,414025.000000,38048032.000000
416.000302,0,359662,381706,21930,415025.000000,38154336.000000
417.000302,0,360657,382739,21972,416025.000000,38263064.000000
418.000302,0,361631,383712,21985,417025.000000,38364416.000000
419.000302,0,362613,384763,22031,418025.000000,38469968.000000
420.000302,0,363606,385793,22090,419025.000000,38577320.000000
421.000302,0,364513,386706,22099,420025.000000,38669608.000000
422.000302,0,365480,387698,22112,421025.000000,38770528.000000
423.000302,0,366471,388703,22125,422025.000000,38876060.000000
424.000302,0,367460,389724,22165,423025.000000,38982960.000000
425.000302,0,368351,390608,22176,424025.000000,39073944.000000
426.000302,0,369256,391555,22187,425025.000000,39168184.000000
427.000302,0,370243,392569,22213,426025.000000,39274112.000000
428.000302,0,371210,393536,22236,427025.000000,39376168.000000
429.000302,0,372094,394438,22249,428025.000000,39466200.000000
430.000302,0,373040,395406,22260,429025.000000,39563264.000000
431.000302,0,374030,396411,22273,430025.000000,39667936.000000
432.000302,0,375017,397431,22297,431025.000000,39773424.000000
433.000302,0,375984,398396,22317,432025.000000,39874384.000000
434.000302,0,376897,399320,22327,433025.000000,39967756.000000
435.000302,0,377874,400352,22352,434025.000000,40069784.000000
436.000302,0,378866,401433,22445,435025.000000,40178732.000000
437.000302,0,379853,402433,22471,436025.000000,40283444.000000
438.000302,0,380844,403446,22492,437025.000000,40390420.000000
439.000302,0,381797,404379,22499,438025.000000,40489496.000000
440.000302,0,382628,405231,22511,439025.000000,40574552.000000
441.000302,0,383600,406266,22552,440025.000000,40678264.000000
442.000302,0,384590,407276,22578,441025.000000,40785392.000000
443.000302,0,385567,408283,22606,442025.000000,40889024.000000
444.000302,0,386562,409398,22704,443025.000000,40997800.000000
445.000302,0,387551,410471,22810,444025.000000,41105912.000000
446.000302,0,388538,411503,22854,445025.000000,41213568.000000
447.000302,0,389532,412508,22871,446025.000000,41320452.000000
448.000302,0,390457,413432,22886,447025.000000,41415336.000000
449.000302,0,391396,414403,22897,448025.000000,41511976.000000
450.000302,0,392389,415572,23057,449025.000000,41621140.000000
451.000302,0,393381,416606,23123,450025.000000,41729296.000000
452.000302,0,394313,417531,23130,451025.000000,41824676.000000
453.000302,0,395235,418484,23143,452025.000000,41919128.000000
454.000302,0,396217,419478,23156,453025.000000,42021940.000000
455.000302,0,397192,420475,23174,454025.000000,42124864.000000
456.000302,0,398177,421502,23213,455025.000000,42230936.000000
457.000302,0,399150,422488,23238,456025.000000,42334312.000000
458.000302,0,400084,423422,23255,457025.000000,42430944.000000
459.000302,0,401006,424390,23267,458025.000000,42527428.000000
460.000302,0,401993,425438,23337,459025.000000,42635872.000000
461.000302,0,402972,426415,23345,460025.000000,42737980.000000
462.000302,0,403912,427369,23356,461025.000000,42833888.000000
463.000302,0,404894,428373,23373,462025.000000,42937908.000000
464.000302,0,405889,429400,23389,463025.000000,43045164.000000
465.000302,0,406878,430469,23480,464025.000000,43153768.000000
466.000302,0,407867,431510,23520,465025.000000,43261280.000000
467.000302,0,408856,432570,23609,466025.000000,43369156.000000
468.000302,0,409750,433466,23624,467025.000000,43460572.000000
469.000302,0,410662,434399,23638,468025.000000,43553572.000000
470.000302,0,411630,435377,23646,469025.000000,43653412.000000
471.000302,0,412598,436378,23665,470025.000000,43754820.000000
472.000302,0,413585,437391,23710,471025.000000,43861092.000000
473.000302,0,414535,438358,23719,472025.000000,43958496.000000
474.000302,0,415524,439371,23736,473025.000000,44064592.000000
475.000302,0,416512,440423,23793,474025.000000,44172496.000000
476.000302,0,417499,441437,23827,475025.000000,44278016.000000
477.000302,0,418484,442435,23840,476025.000000,44383456.000000
478.000302,0,419470,443451,23869,477025.000000,44490224.000000
479.000302,0,420464,444487,23903,478025.000000,44598820.000000
480.000302,0,421444,445483,23933,479025.000000,44702208.000000
481.000302,0,422434,446483,23944,480025.000000,44807028.000000
482.000302,0,423421,447487,23955,481025.000000,44911020.000000
483.000302,0,424414,448510,23982,482025.000000,45019616.000000
484.000302,0,425403,449546,24024,483025.000000,45127212.000000
485.000302,0,426385,450540,24046,484025.000000,45231384.000000
486.000302,0,427375,451545,24068,485025.000000,45336816.000000
487.000302,0,428337,452518,24075,486025.000000,45436568.000000
488.000302,0,429292,453474,24086,487025.000000,45536008.000000
489.000302,0,430239,454434,24095,488025.000000,45633352.000000
490.000302,0,431227,455443,24110,489025.000000,45739652.000000
491.000302,0,432217,456503,24169,490025.000000,45847656.000000
492.000302,0,433186,457487,24217,491025.000000,45951732.000000
493.000302,0,434052,458375,24225,492025.000000,46039740.000000
494.000302,0,435040,459414,24262,493025.000000,46146568.000000
495.000302,0,436030,460462,24316,494025.000000,46254380.000000
496.000302,0,437018,461484,24366,495025.000000,46360820.000000
497.000302,0,437921,462394,24371,496025.000000,46453068.000000
498.000302,0,438908,463420,24400,497025.000000,46559480.000000
499.000302,0,439895,464407,24417,498025.000000,46664880.000000
500.000302,0,440858,465398,24424,499025.000000,46766012.000000
501.000302,0,441841,466468,24505,500025.000000,46873864.000000
502.000302,0,442831,467484,24545,501025.000000,46980280.000000
503.000302,0,443806,468469,24555,502025.000000,47081620.000000
504.000302,0,444780,469453,24563,503025.000000,47182936.000000
505.000302,0,445773,470535,24648,504025.000000,47291720.000000
506.000302,0,446766,471578,24694,505025.000000,47400124.000000
507.000302,0,447751,472574,24717,506025.000000,47504732.000000
508.000302,0,448739,473582,24739,507025.000000,47610512.000000
509.000302,0,449723,474577,24753,508025.000000,47714176.000000
510.000302,0,450689,475550,24766,509025.000000,47814952.000000
511.000302,0,451648,476523,24773,510025.000000,47913640.000000
512.000302,0,452636,477602,24846,511025.000000,48020416.000000
513.000302,0,453625,478602,24872,512025.000000,48126240.000000
514.000302,0,454606,479586,24881,513025.000000,48228552.000000
515.000302,0,455571,480579,24897,514025.000000,48328832.000000
516.000302,0,456566,481621,24949,515025.000000,48437568.000000
517.000302,0,457553,482623,24974,516025.000000,48542344.000000
518.000302,0,458466,483554,24987,517025.000000,48635664.000000
519.000302,0,459440,484549,25002,518025.000000,48738440.000000
520.000302,0,460430,485548,25013,519025.000000,48843896.000000
521.000302,0,461423,486554,25023,520025.000000,48949392.000000
522.000302,0,462413,487544,25030,521025.000000,49053832.000000
523.000302,0,463403,488571,25057,522025.000000,49160008.000000
524.000302,0,464360,489536,25079,523025.000000,49260108.000000
525.000302,0,465310,490498,25085,524025.000000,49357024.000000
526.000302,0,466298,491509,25110,525025.000000,49462076.000000
527.000302,0,467260,492485,25122,526025.000000,49561220.000000
528.000302,0,468238,493468,25130,527025.000000,49662028.000000
529.000302,0,469201,494440,25135,528025.000000,49761068.000000
530.000302,0,470190,495451,25143,529025.000000,49864296.000000
531.000302,0,471183,496471,25177,530025.000000,49972296.000000
532.000302,0,472167,497512,25238,531025.000000,50079280.000000
533.000302,0,473139,498494,25248,532025.000000,50181380.000000
534.000302,0,474117,499473,25259,533025.000000,50282392.000000
535.000302,0,475087,500488,25284,534025.000000,50384232.000000
536.000302,0,476079,501529,25325,535025.000000,50492520.000000
537.000302,0,477070,502567,25399,536025.000000,50600576.000000
538.000302,0,478005,503512,25411,537025.000000,50696416.000000
539.000302,0,478916,504438,25421,538025.000000,50789700.000000
540.000302,0,479880,505413,25429,539025.000000,50888852.000000
541.000302,0,480868,506458,25471,540025.000000,50995240.000000
542.000302,0,481856,507518,25560,541025.000000,51103636.000000
543.000302,0,482821,508492,25568,542025.000000,51202780.000000
544.000302,0,483806,509514,25596,543025.000000,51308832.000000
545.000302,0,484765,510480,25610,544025.000000,51409172.000000
546.000302,0,485753,511512,25649,545025.000000,51515852.000000
547.000302,0,486729,512492,25660,546025.000000,51619260.000000
548.000302,0,487719,513501,25672,547025.000000,51722936.000000
549.000302,0,488686,514476,25687,548025.000000,51823824.000000
550.000302,0,489661,515473,25697,549025.000000,51925736.000000
551.000302,0,490648,516522,25748,550025.000000,52033124.000000
552.000302,0,491642,517578,25831,551025.000000,52142192.000000
553.000302,0,492616,518547,25838,552025.000000,52244364.000000
554.000302,0,493524,519482,25849,553025.000000,52337224.000000
555.000302,0,494490,520453,25861,554025.000000,52438024.000000
556.000302,0,495470,521456,25870,555025.000000,52540604.000000
557.000302,0,496452,522462,25907,556025.000000,52646900.000000
558.000302,0,497432,523458,25919,557025.000000,52749648.000000
559.000302,0,498414,524482,25952,558025.000000,52854468.000000
560.000302,0,499401,525479,25972,559025.000000,52958708.000000
561.000302,0,500388,526512,26001,560025.000000,53064704.000000
562.000302,0,501381,527596,26110,561025.000000,53173432.000000
563.000302,0,502372,528603,26121,562025.000000,53278984.000000
564.000302,0,503360,529603,26138,563025.000000,53384212.000000
565.000302,0,504350,530619,26158,564025.000000,53491500.000000
566.000302,0,505328,531625,26177,565025.000000,53595272.000000
567.000302,0,506320,532647,26224,566025.000000,53703424.000000
568.000302,0,507313,533651,26231,567025.000000,53807732.000000
569.000302,0,508307,534656,26243,568025.000000,53913240.000000
570.000302,0,509294,535666,26259,569025.000000,54017916.000000
571.000302,0,510284,536691,26289,570025.000000,54124948.000000
572.000302,0,511271,537688,26319,571025.000000,54230452.000000
573.000302,0,512205,538630,26333,572025.000000,54325884.000000
574.000302,0,513108,539542,26336,573025.000000,54417856.000000
575.000302,0,514020,540473,26351,574025.000000,54510880.000000
576.000302,0,515006,541508,26404,575025.000000,54616756.000000
577.000302,0,515985,542489,26408,576025.000000,54718744.000000
578.000302,0,516959,543531,26455,577025.000000,54822124.000000
579.000302,0,517929,544524,26494,578025.000000,54925344.000000
580.000302,0,518912,545569,26546,579025.000000,55031624.000000
581.000302,0,519901,546581,26572,580025.000000,55139068.000000
582.000302,0,520895,547583,26590,581025.000000,55246136.000000
583.000302,0,521868,548579,26602,582025.000000,55347248.000000
584.000302,0,522853,549572,26619,583025.000000,55452432.000000
585.000302,0,523839,550588,26632,584025.000000,55555800.000000
586.000302,0,524826,551621,26684,585025.000000,55663400.000000
587.000302,0,525810,552617,26697,586025.000000,55767780.000000
588.000302,0,526782,553606,26727,587025.000000,55871196.000000
589.000302,0,527761,554601,26739,588025.000000,55973648.000000
590.000302,0,528748,555611,26759,589025.000000,56079340.000000
591.000302,0,529739,556621,26778,590025.000000,56185384.000000
592.000302,0,530710,557595,26786,591025.000000,56285368.000000
593.000302,0,531693,558598,26800,592025.000000,56389560.000000
594.000302,0,532679,559605,26822,593025.000000,56494724.000000
595.000302,0,533668,560637,26856,594025.000000,56601256.000000
596.000302,0,534663,561658,26878,595025.000000,56709464.000000
597.000302,0,535626,562623,26905,596025.000000,56811112.000000
598.000302,0,536588,563609,26913,597025.000000,56911552.000000
599.000302,0,537579,564605,26927,598025.000000,57017784.000000
600.000302,0,538540,565583,26937,599025.000000,57116492.000000
601.000302,0,539529,566656,27008,600025.000000,57224712.000000
602.000302,0,540510,567665,27057,601025.000000,57330064.000000
603.000302,0,541481,568649,27066,602025.000000,57430468.000000
604.000302,0,542453,569628,27073,603025.000000,57530436.000000
605.000302,0,543438,570620,27085,604025.000000,57633488.000000
606.000302,0,544399,571596,27094,605025.000000,57732456.000000
607.000302,0,545384,572621,27131,606025.000000,57837216.000000
608.000302,0,546376,573646,27151,607025.000000,57944016.000000
609.000302,0,547363,574647,27185,608025.000000,58050820.000000
610.000302,0,548335,575637,27196,609025.000000,58152240.000000
611.000302,0,549329,576664,27221,610025.000000,58259512.000000
612.000302,0,550315,577662,27242,611025.000000,58364292.000000
613.000302,0,551288,578644,27254,612025.000000,58465292.000000
614.000302,0,552259,579624,27266,613025.000000,58565728.000000
615.000302,0,553214,580608,27280,614025.000000,58665272.000000
616.000302,0,554201,581604,27304,615025.000000,58770048.000000
617.000302,0,555180,582605,27319,616025.000000,58873568.000000
618.000302,0,556090,583509,27334,617025.000000,58967320.000000
619.000302,0,557006,584450,27340,618025.000000,59060784.000000
620.000302,0,557993,585488,27387,619025.000000,59167116.000000
621.000302,0,558948,586440,27403,620025.000000,59267224.000000
622.000302,0,559919,587435,27412,621025.000000,59369016.000000
623.000302,0,560908,588445,27428,622025.000000,59474168.000000
624.000302,0,561896,589451,27456,623025.000000,59580800.000000
625.000302,0,562856,590413,27464,624025.000000,59679260.000000
626.000302,0,563827,591433,27482,625025.000000,59782052.000000
627.000302,0,564807,592422,27522,626025.000000,59886176.000000
628.000302,0,565740,593373,27527,627025.000000,59981808.000000
629.000302,0,566733,594398,27556,628025.000000,60089536.000000
630.000302,0,567723,595387,27563,629025.000000,60194336.000000
631.000302,0,568701,596376,27572,630025.000000,60295668.000000
632.000302,0,569684,597383,27591,631025.000000,60400520.000000
633.000302,0,570654,598357,27603,632025.000000,60501320.000000
634.000302,0,571638,599365,27617,633025.000000,60604820.000000
635.000302,0,572631,600389,27642,634025.000000,60711892.000000
636.000302,0,573620,601390,27659,635025.000000,60816336.000000
637.000302,0,574578,602347,27676,636025.000000,60918028.000000
638.000302,0,575549,603342,27682,637025.000000,61018632.000000
639.000302,0,576540,604360,27712,638025.000000,61126416.000000
640.000302,0,577515,605343,27718,639025.000000,61228432.000000
641.000302,0,578508,606350,27740,640025.000000,61336140.000000
642.000302,0,579500,607356,27748,641025.000000,61440520.000000
643.000302,0,580495,608355,27752,642025.000000,61545304.000000
644.000302,0,581485,609362,27766,643025.000000,61650824.000000
645.000302,0,582465,610362,27792,644025.000000,61755344.000000
646.000302,0,583460,611359,27796,645025.000000,61860296.000000
647.000302,0,584430,612342,27811,646025.000000,61960368.000000
648.000302,0,585418,613348,27824,647025.000000,62065180.000000
649.000302,0,586405,614369,27845,648025.000000,62171652.000000
650.000302,0,587384,615374,27887,649025.000000,62276488.000000
651.000302,0,588374,616400,27917,650025.000000,62382808.000000
652.000302,0,589366,617409,27929,651025.000000,62488664.000000
653.000302,0,590353,618424,27959,652025.000000,62594096.000000
654.000302,0,591325,619399,27974,653025.000000,62696780.000000
655.000302,0,592294,620395,27988,654025.000000,62797508.000000
656.000302,0,593285,621409,28012,655025.000000,62905064.000000
657.000302,0,594281,622411,28027,656025.000000,63012128.000000
658.000302,0,595234,623373,28038,657025.000000,63109688.000000
659.000302,0,596221,624412,28076,658025.000000,63215624.000000
660.000302,0,597204,625443,28124,659025.000000,63322684.000000
661.000302,0,598193,626470,28165,660025.000000,63430904.000000
662.000302,0,599178,627453,28179,661025.000000,63533984.000000
663.000302,0,600124,628429,28187,662025.000000,63631368.000000
664.000302,0,601104,629442,28243,663025.000000,63736344.000000
665.000302,0,602026,630368,28249,664025.000000,63830068.000000
666.000302,0,602984,631341,28258,665025.000000,63929488.000000
667.000302,0,603938,632317,28277,666025.000000,64027196.000000
668.000302,0,604914,633336,28307,667025.000000,64131952.000000
669.000302,0,605903,634341,28334,668025.000000,64237736.000000
670.000302,0,606859,635303,28340,669025.000000,64336136.000000
671.000302,0,607847,636297,28347,670025.000000,64439500.000000
672.000302,0,608799,637256,28357,671025.000000,64536820.000000
673.000302,0,609790,638258,28365,672025.000000,64641744.000000
674.000302,0,610779,639268,28381,673025.000000,64747392.000000
675.000302,0,611767,640292,28415,674025.000000,64854128.000000
676.000302,0,612757,641290,28434,675025.000000,64959912.000000
677.000302,0,613702,642243,28441,676025.000000,65056516.000000
678.000302,0,614687,643262,28463,677025.000000,65160992.000000
679.000302,0,615661,644245,28476,678025.000000,65263728.000000
680.000302,0,616648,645256,28499,679025.000000,65369144.000000
681.000302,0,617637,646251,28508,680025.000000,65473288.000000
682.000302,0,618630,647261,28523,681025.000000,65580228.000000
683.000302,0,619610,648246,28534,682025.000000,65683820.000000
684.000302,0,620599,649247,28541,683025.000000,65788000.000000
685.000302,0,621583,650308,28611,684025.000000,65895796.000000
686.000302,0,622511,651237,28631,685025.000000,65993648.000000
687.000302,0,623453,652202,28642,686025.000000,66090604.000000
688.000302,0,624445,653205,28648,687025.000000,66196032.000000
689.000302,0,625433,654208,28667,688025.000000,66301508.000000
690.000302,0,626421,655216,28683,689025.000000,66408196.000000
691.000302,0,627411,656247,28723,690025.000000,66516472.000000
692.000302,0,628400,657251,28751,691025.000000,66622672.000000
693.000302,0,629386,658265,28771,692025.000000,66728408.000000
694.000302,0,630363,659254,28790,693025.000000,66831616.000000
695.000302,0,631342,660269,28811,694025.000000,66934636.000000
696.000302,0,632319,661272,28858,695025.000000,67039536.000000
697.000302,0,633299,662298,28887,696025.000000,67145000.000000
698.000302,0,634277,663297,28922,697025.000000,67249384.000000
699.000302,0,635208,664246,28937,698025.000000,67344584.000000
700.000302,0,636194,665289,28978,699025.000000,67451312.000000
701.000302,0,637184,666303,29008,700025.000000,67557792.000000
702.000302,0,638170,667282,29022,701025.000000,67662424.000000
703.000302,0,639057,668192,29025,702025.000000,67752896.000000
704.000302,0,640044,669232,29082,703025.000000,67860216.000000
705.000302,0,641007,670207,29091,704025.000000,67959560.000000
706.000302,0,642002,671213,29098,705025.000000,68066144.000000
707.000302,0,642994,672256,29153,706025.000000,68174408.000000
708.000302,0,643972,673242,29173,707025.000000,68278528.000000
709.000302,0,644944,674244,29190,708025.000000,68381096.000000
710.000302,0,645936,675251,29198,709025.000000,68486856.000000
711.000302,0,646929,676273,29241,710025.000000,68595472.000000
712.000302,0,647913,677262,29249,711025.000000,68697336.000000
713.000302,0,648893,678266,29261,712025.000000,68799888.000000
714.000302,0,649887,679308,29309,713025.000000,68908544.000000
715.000302,0,650871,680312,29332,714025.000000,69013296.000000
716.000302,0,651858,681347,29379,715025.000000,69119824.000000
717.000302,0,652848,682350,29400,716025.000000,69226048.000000
718.000302,0,653820,683335,29411,717025.000000,69327056.000000
719.000302,0,654807,684344,29425,718025.000000,69432344.000000
720.000302,0,655801,685371,29460,719025.000000,69540968.000000
721.000302,0,656784,686358,29475,720025.000000,69644728.000000
722.000302,0,657718,687303,29488,721025.000000,69740208.000000
723.000302,0,658701,688299,29491,722025.000000,69842080.000000
724.000302,0,659686,689300,29507,723025.000000,69947256.000000
725.000302,0,660673,690328,29545,724025.000000,70055184.000000
726.000302,0,661664,691357,29578,725025.000000,70162800.000000
727.000302,0,662654,692366,29605,726025.000000,70269760.000000
728.000302,0,663607,693317,29610,727025.000000,70368280.000000
729.000302,0,664599,694343,29642,728025.000000,70475032.000000
730.000302,0,665580,695332,29652,729025.000000,70577072.000000
731.000302,0,666554,696330,29672,730025.000000,70680800.000000
732.000302,0,667534,697308,29679,731025.000000,70781936.000000
733.000302,0,668518,698320,29696,732025.000000,70887144.000000
734.000302,0,669509,699334,29719,733025.000000,70994064.000000
735.000302,0,670495,700336,29734,734025.000000,71098112.000000
736.000302,0,671480,701322,29740,735025.000000,71200768.000000
737.000302,0,672462,702320,29750,736025.000000,71303936.000000
738.000302,0,673445,703310,29763,737025.000000,71407600.000000
739.000302,0,674437,704333,29790,738025.000000,71514696.000000
740.000302,0,675430,705355,29814,739025.000000,71621288.000000
741.000302,0,676409,706331,29826,740025.000000,71724752.000000
742.000302,0,677362,707308,29843,741025.000000,71823392.000000
743.000302,0,678323,708283,29854,742025.000000,71922352.000000
744.000302,0,679310,709299,29870,743025.000000,72027728.000000
745.000302,0,680295,710320,29930,744025.000000,72134592.000000
746.000302,0,681262,711310,29937,745025.000000,72234472.000000
747.000302,0,682252,712309,29956,746025.000000,72340328.000000
748.000302,0,683225,713302,29968,747025.000000,72440568.000000
749.000302,0,684218,714330,30008,748025.000000,72548688.000000
750.000302,0,685214,715344,30026,749025.000000,72656344.000000
751.000302,0,686198,716333,30036,750025.000000,72757936.000000
752.000302,0,687181,717346,30059,751025.000000,72862240.000000
753.000302,0,688173,718402,30119,752025.000000,72970656.000000
754.000302,0,689141,719384,30139,753025.000000,73072400.000000
755.000302,0,690090,720339,30152,754025.000000,73170264.000000
756.000302,0,691066,721356,30182,755025.000000,73273624.000000
757.000302,0,692056,722354,30195,756025.000000,73378544.000000
758.000302,0,693048,723382,30215,757025.000000,73485400.000000
759.000302,0,694039,724411,30259,758025.000000,73593384.000000
760.000302,0,695021,725391,30272,759025.000000,73696256.000000
761.000302,0,695917,726298,30280,760025.000000,73787488.000000
762.000302,0,696878,727260,30288,761025.000000,73886720.000000
763.000302,0,697825,728238,30298,762025.000000,73984280.000000
764.000302,0,698814,729299,30364,763025.000000,74092616.000000
765.000302,0,699792,730303,30411,764025.000000,74197288.000000
766.000302,0,700763,731294,30422,765025.000000,74297176.000000
767.000302,0,701749,732341,30474,766025.000000,74404984.000000
768.000302,0,702717,733323,30504,767025.000000,74506080.000000
769.000302,0,703691,734305,30511,768025.000000,74607984.000000
770.000302,0,704679,735309,30524,769025.000000,74712576.000000
771.000302,0,705666,736345,30571,770025.000000,74819576.000000
772.000302,0,706654,737348,30595,771025.000000,74924672.000000
773.000302,0,707645,738345,30600,772025.000000,75029176.000000
774.000302,0,708624,739343,30608,773025.000000,75132520.000000
775.000302,0,709614,740433,30702,774025.000000,75241376.000000
776.000302,0,710593,741415,30722,775025.000000,75343560.000000
777.000302,0,711561,742391,30729,776025.000000,75443376.000000
778.000302,0,712538,743381,30738,777025.000000,75544704.000000
779.000302,0,713521,744380,30750,778025.000000,75648168.000000
780.000302,0,714512,745380,30762,779025.000000,75753016.000000
781.000302,0,715482,746365,30775,780025.000000,75854696.000000
782.000302,0,716470,747395,30821,781025.000000,75961616.000000
783.000302,0,717460,748413,30840,782025.000000,76067896.000000
784.000302,0,718431,749384,30857,783025.000000,76170544.000000
785.000302,0,719373,750339,30863,784025.000000,76267352.000000
786.000302,0,720364,751361,30889,785025.000000,76374448.000000
787.000302,0,721352,752382,30920,786025.000000,76480912.000000
788.000302,0,722339,753395,30950,787025.000000,76588304.000000
789.000302,0,723291,754350,30962,788025.000000,76686024.000000
790.000302,0,724246,755324,30976,789025.000000,76784624.000000
791.000302,0,725214,756294,30983,790025.000000,76884264.000000
792.000302,0,726190,757317,31013,791025.000000,76988368.000000
793.000302,0,727181,758357,31070,792025.000000,77096008.000000
794.000302,0,728144,759331,31080,793025.000000,77195336.000000
795.000302,0,729132,760385,31139,794025.000000,77303248.000000
796.000302,0,730115,761381,31163,795025.000000,77406552.000000
797.000302,0,731062,762343,31174,796025.000000,77503848.000000
798.000302,0,732050,763405,31239,797025.000000,77611424.000000
799.000302,0,733028,764382,31255,798025.000000,77714304.000000
800.000302,0,734015,765431,31291,799025.000000,77818704.000000
801.000302,0,735005,766549,31436,800025.000000,77927160.000000
802.000302,0,735957,767493,31447,801025.000000,78025704.000000
803.000302,0,736884,768446,31457,802025.000000,78121392.000000
804.000302,0,737872,769440,31464,803025.000000,78224392.000000
805.000302,0,738859,770454,31486,804025.000000,78329576.000000
806.000302,0,739847,771463,31507,805025.000000,78435728.000000
807.000302,0,740838,772458,31515,806025.000000,78539528.000000
808.000302,0,741811,773428,31523,807025.000000,78639856.000000
809.000302,0,742740,774371,31531,808025.000000,78734760.000000
810.000302,0,743711,775380,31553,809025.000000,78837560.000000
811.000302,0,744705,776409,31599,810025.000000,78946376.000000
812.000302,0,745684,777401,31614,811025.000000,79049680.000000
813.000302,0,746671,778410,31637,812025.000000,79155296.000000
814.000302,0,747660,779428,31666,813025.000000,79261736.000000
815.000302,0,748644,780424,31674,814025.000000,79364888.000000
816.000302,0,749631,781423,31688,815025.000000,79469424.000000
817.000302,0,750617,782411,31698,816025.000000,79572096.000000
818.000302,0,751549,783357,31705,817025.000000,79667544.000000
819.000302,0,752540,784387,31731,818025.000000,79773968.000000
820.000302,0,753531,785406,31767,819025.000000,79881160.000000
821.000302,0,754521,786411,31786,820025.000000,79986400.000000
822.000302,0,755497,787398,31802,821025.000000,80089152.000000
823.000302,0,756444,788358,31809,822025.000000,80186504.000000
824.000302,0,757427,789394,31847,823025.000000,80291424.000000
825.000302,0,758419,790406,31875,824025.000000,80398096.000000
826.000302,0,759406,791421,31899,825025.000000,80505336.000000
827.000302,0,760400,792448,31939,826025.000000,80613720.000000
828.000302,0,761331,793382,31947,827025.000000,80709704.000000
829.000302,0,762321,794410,31982,828025.000000,80816656.000000
830.000302,0,763307,795415,32005,829025.000000,80922208.000000
831.000302,0,764250,796363,32014,830025.000000,81018712.000000
832.000302,0,765210,797327,32020,831025.000000,81117056.000000
833.000302,0,766190,798376,32067,832025.000000,81222904.000000
834.000302,0,767180,799381,32102,833025.000000,81329456.000000
835.000302,0,768141,800346,32110,834025.000000,81428184.000000
836.000302,0,769107,801324,32119,835025.000000,81528040.000000
837.000302,0,770092,802356,32140,836025.000000,81632744.000000
838.000302,0,771081,803422,32228,837025.000000,81741208.000000
839.000302,0,772074,804423,32254,838025.000000,81848376.000000
840.000302,0,773024,805388,32265,839025.000000,81945312.000000
841.000302,0,774006,806393,32278,840025.000000,82048464.000000
842.000302,0,774996,807410,32303,841025.000000,82156336.000000
843.000302,0,775984,808407,32323,842025.000000,82262032.000000
844.000302,0,776930,809370,32332,843025.000000,82359464.000000
845.000302,0,777922,810395,32353,844025.000000,82466832.000000
846.000302,0,778908,811411,32400,845025.000000,82573264.000000
847.000302,0,779900,812445,32425,846025.000000,82678928.000000
848.000302,0,780895,813459,32460,847025.000000,82787120.000000
849.000302,0,781847,814404,32462,848025.000000,82884392.000000
850.000302,0,782819,815413,32478,849025.000000,82986584.000000
851.000302,0,783811,816443,32516,850025.000000,83094528.000000
852.000302,0,784801,817459,32553,851025.000000,83201856.000000
853.000302,0,785780,818451,32562,852025.000000,83303480.000000
854.000302,0,786762,819523,32642,853025.000000,83411024.000000
855.000302,0,787746,820550,32691,854025.000000,83516832.000000
856.000302,0,788735,821539,32707,855025.000000,83622288.000000
857.000302,0,789684,822525,32721,856025.000000,83720648.000000
858.000302,0,790678,823559,32776,857025.000000,83828424.000000
859.000302,0,791659,824550,32789,858025.000000,83931256.000000
860.000302,0,792649,825550,32797,859025.000000,84035464.000000
861.000302,0,793635,826547,32809,860025.000000,84138640.000000
862.000302,0,794612,827545,32825,861025.000000,84240832.000000
863.000302,0,795601,828548,32843,862025.000000,84346712.000000
864.000302,0,796545,829497,32852,863025.000000,84443480.000000
865.000302,0,797528,830520,32887,864025.000000,84549024.000000
866.000302,0,798516,831551,32924,865025.000000,84654784.000000
867.000302,0,799504,832573,32965,866025.000000,84761952.000000
868.000302,0,800434,833503,32973,867025.000000,84857280.000000
869.000302,0,801367,834457,32984,868025.000000,84952848.000000
870.000302,0,802358,835455,32989,869025.000000,85056920.000000
871.000302,0,803344,836479,33031,870025.000000,85163752.000000
872.000302,0,804304,837456,33037,871025.000000,85263080.000000
873.000302,0,805293,838474,33071,872025.000000,85369664.000000
874.000302,0,806279,839483,33094,873025.000000,85475872.000000
875.000302,0,807267,840550,33164,874025.000000,85583952.000000
876.000302,0,808254,841563,33202,875025.000000,85691016.000000
877.000302,0,809225,842541,33215,876025.000000,85793064.000000
878.000302,0,810192,843517,33230,877025.000000,85892920.000000
879.000302,0,811155,844537,33264,878025.000000,85994856.000000
880.000302,0,812134,845505,33283,879025.000000,86097640.000000
881.000302,0,813053,846463,33301,880025.000000,86192024.000000
882.000302,0,814044,847481,33315,881025.000000,86297040.000000
883.000302,0,815034,848559,33414,882025.000000,86405496.000000
884.000302,0,816022,849567,33434,883025.000000,86512104.000000
885.000302,0,816997,850535,33445,884025.000000,86615576.000000
886.000302,0,817952,851510,33455,885025.000000,86714608.000000
887.000302,0,818933,852509,33466,886025.000000,86816264.000000
888.000302,0,819920,853529,33493,887025.000000,86923352.000000
889.000302,0,820913,854571,33550,888025.000000,87031736.000000
890.000302,0,821904,855573,33559,889025.000000,87136024.000000
891.000302,0,822888,856566,33575,890025.000000,87241160.000000
892.000302,0,823875,857552,33577,891025.000000,87343632.000000
893.000302,0,824848,858549,33593,892025.000000,87444448.000000
894.000302,0,825836,859573,33633,893025.000000,87551808.000000
895.000302,0,826777,860510,33642,894025.000000,87648144.000000
896.000302,0,827732,861521,33668,895025.000000,87748616.000000
897.000302,0,828725,862573,33722,896025.000000,87857256.000000
898.000302,0,829707,863587,33776,897025.000000,87962872.000000
899.000302,0,830695,864595,33794,898025.000000,88067896.000000
900.000302,0,831654,865555,33803,899025.000000,88166968.000000
901.000302,0,832625,866553,33819,900025.000000,88268944.000000
902.000302,0,833577,867496,33825,901025.000000,88367888.000000
903.000302,0,834528,868473,33834,902025.000000,88465832.000000
904.000302,0,835520,869510,33877,903025.000000,88574216.000000
905.000302,0,836516,870547,33928,904025.000000,88682416.000000
906.000302,0,837501,871547,33938,905025.000000,88785176.000000
907.000302,0,838494,872562,33966,906025.000000,88892240.000000
908.000302,0,839453,873539,33984,907025.000000,88991264.000000
909.000302,0,840442,874568,34009,908025.000000,89095712.000000
910.000302,0,841435,875632,34083,909025.000000,89204448.000000
911.000302,0,842425,876645,34115,910025.000000,89311712.000000
912.000302,0,843363,877578,34120,911025.000000,89407920.000000
913.000302,0,844326,878566,34131,912025.000000,89507496.000000
914.000302,0,845319,879570,34145,913025.000000,89614336.000000
915.000302,0,846310,880574,34158,914025.000000,89718968.000000
916.000302,0,847296,881600,34201,915025.000000,89825800.000000
917.000302,0,848265,882582,34209,916025.000000,89925304.000000
918.000302,0,849256,883576,34217,917025.000000,90029328.000000
919.000302,0,850242,884576,34223,918025.000000,90132504.000000
920.000302,0,851223,885563,34241,919025.000000,90236704.000000
921.000302,0,852189,886552,34252,920025.000000,90336536.000000
922.000302,0,853178,887596,34313,921025.000000,90444880.000000
923.000302,0,854169,888623,34336,922025.000000,90551456.000000
924.000302,0,855157,889613,34359,923025.000000,90656424.000000
925.000302,0,856093,890557,34368,924025.000000,90752120.000000
926.000302,0,857033,891511,34381,925025.000000,90848000.000000
927.000302,0,858021,892513,34385,926025.000000,90952320.000000
928.000302,0,859007,893528,34413,927025.000000,91058776.000000
929.000302,0,859995,894527,34426,928025.000000,91164112.000000
930.000302,0,860988,895526,34432,929025.000000,91268520.000000
931.000302,0,861974,896521,34453,930025.000000,91374320.000000
932.000302,0,862926,897479,34460,931025.000000,91471736.000000
933.000302,0,863894,898542,34522,932025.000000,91575320.000000
934.000302,0,864877,899546,34567,933025.000000,91679496.000000
935.000302,0,865859,900535,34572,934025.000000,91781360.000000
936.000302,0,866851,901576,34606,935025.000000,91889200.000000
937.000302,0,867831,902588,34654,936025.000000,91993960.000000
938.000302,0,868813,903584,34663,937025.000000,92096384.000000
939.000302,0,869802,904580,34675,938025.000000,92200584.000000
940.000302,0,870779,905564,34685,939025.000000,92301776.000000
941.000302,0,871765,906566,34694,940025.000000,92405656.000000
942.000302,0,872752,907582,34722,941025.000000,92511992.000000
943.000302,0,873709,908546,34734,942025.000000,92611384.000000
944.000302,0,874685,909535,34745,943025.000000,92711752.000000
945.000302,0,875672,910539,34758,944025.000000,92816872.000000
946.000302,0,876669,911577,34801,945025.000000,92925312.000000
947.000302,0,877634,912549,34814,946025.000000,93025544.000000
948.000302,0,878599,913532,34831,947025.000000,93124792.000000
949.000302,0,879571,914511,34837,948025.000000,93225056.000000
950.000302,0,880559,915539,34875,949025.000000,93331304.000000
951.000302,0,881546,916523,34884,950025.000000,93434328.000000
952.000302,0,882500,917501,34890,951025.000000,93533952.000000
953.000302,0,883491,918593,34975,952025.000000,93642640.000000
954.000302,0,884468,919590,35023,953025.000000,93745648.000000
955.000302,0,885447,920581,35034,954025.000000,93847896.000000
956.000302,0,886425,921589,35056,955025.000000,93952080.000000
957.000302,0,887410,922593,35068,956025.000000,94056768.000000
958.000302,0,888398,923602,35103,957025.000000,94163392.000000
959.000302,0,889345,924566,35112,958025.000000,94260880.000000
960.000302,0,890336,925559,35121,959025.000000,94365896.000000
961.000302,0,891316,926565,35136,960025.000000,94467712.000000
962.000302,0,892302,927565,35157,961025.000000,94573472.000000
963.000302,0,893290,928573,35169,962025.000000,94677416.000000
964.000302,0,894272,929556,35187,963025.000000,94781856.000000
965.000302,0,895234,930523,35195,964025.000000,94881000.000000
966.000302,0,896216,931544,35217,965025.000000,94986080.000000
967.000302,0,897204,932572,35262,966025.000000,95093184.000000
968.000302,0,898178,933548,35273,967025.000000,95194464.000000
969.000302,0,899154,934545,35286,968025.000000,95297520.000000
970.000302,0,900145,935548,35295,969025.000000,95402336.000000
971.000302,0,901134,936550,35305,970025.000000,95506608.000000
972.000302,0,902116,937541,35321,971025.000000,95610200.000000
973.000302,0,903104,938567,35349,972025.000000,95716200.000000
974.000302,0,904095,939572,35370,973025.000000,95823912.000000
975.000302,0,905075,940558,35383,974025.000000,95925480.000000
976.000302,0,906042,941561,35410,975025.000000,96028056.000000
977.000302,0,907032,942562,35422,976025.000000,96133520.000000
978.000302,0,908025,943572,35434,977025.000000,96239568.000000
979.000302,0,909003,944553,35455,978025.000000,96341696.000000
980.000302,0,909937,945505,35466,979025.000000,96437248.000000
981.000302,0,910929,946508,35474,980025.000000,96542464.000000
982.000302,0,911915,947524,35501,981025.000000,96648512.000000
983.000302,0,912899,948520,35514,982025.000000,96751272.000000
984.000302,0,913896,949528,35522,983025.000000,96858160.000000
985.000302,0,914887,950526,35533,984025.000000,96964776.000000
986.000302,0,915879,951517,35541,985025.000000,97070232.000000
987.000302,0,916827,952489,35556,986025.000000,97167344.000000
988.000302,0,917815,953511,35580,987025.000000,97273200.000000
989.000302,0,918801,954526,35623,988025.000000,97380216.000000
990.000302,0,919751,955489,35636,989025.000000,97477528.000000
991.000302,0,920740,956498,35649,990025.000000,97581744.000000
992.000302,0,921733,957505,35671,991025.000000,97689608.000000
993.000302,0,922708,958492,35680,992025.000000,97790104.000000
994.000302,0,923696,959502,35693,993025.000000,97896544.000000
995.000302,0,924675,960501,35723,994025.000000,98001128.000000
996.000302,0,925669,961499,35729,995025.000000,98105552.000000
997.000302,0,926633,962471,35735,996025.000000,98204904.000000
998.000302,0,927617,963571,35832,997025.000000,98312592.000000
999.000302,0,928586,964557,35868,998025.000000,98414880.000000
1000.000302,0,929561,965567,35893,999025.000000,98517512.000000
1001.000302,0,930543,966562,35912,1000025.000000,98621744.000000
1002.000302,0,931528,967578,35935,1001025.000000,98728696.000000
1003.000302,0,932510,968574,35960,1002025.000000,98832616.000000
1004.000302,0,933490,969577,35985,1003025.000000,98937408.000000
1005.000302,0,934454,970552,35990,1004025.000000,99036920.000000
1006.000302,0,935444,971611,36048,1005025.000000,99145144.000000
1007.000302,0,936406,972596,36091,1006025.000000,99247168.000000
1008.000302,0,937373,973584,36098,1007025.000000,99347648.000000
1009.000302,0,938358,974599,36139,1008025.000000,99453448.000000
1010.000302,0,939345,975600,36147,1009025.000000,99557976.000000
1011.000302,0,940332,976596,36163,1010025.000000,99663064.000000
1012.000302,0,941293,977586,36182,1011025.000000,99762408.000000
1013.000302,0,942275,978578,36191,1012025.000000,99865624.000000
1014.000302,0,943264,979588,36214,1013025.000000,99972200.000000
1015.000302,0,944244,980577,36227,1014025.000000,100074248.000000
1016.000302,0,945234,981586,36239,1015025.000000,100180064.000000
1017.000302,0,946225,982596,36273,1016025.000000,100286368.000000
1018.000302,0,947147,983527,36289,1017025.000000,100380608.000000
1019.000302,0,948120,984566,36327,1018025.000000,100485056.000000
1020.000302,0,949113,985604,36386,1019025.000000,100593256.000000
1021.000302,0,950087,986588,36396,1020025.000000,100695440.000000
1022.000302,0,951075,987596,36410,1021025.000000,100801672.000000
1023.000302,0,952028,988544,36417,1022025.000000,100899632.000000
1024.000302,0,952992,989525,36429,1023025.000000,100998968.000000
1025.000302,0,953975,990538,36452,1024025.000000,101103808.000000
1026.000302,0,954962,991536,36465,1025025.000000,101209272.000000
1027.000302,0,955953,992536,36477,1026025.000000,101314600.000000
1028.000302,0,956934,993532,36491,1027025.000000,101417000.000000
1029.000302,0,957923,994536,36514,1028025.000000,101523784.000000
1030.000302,0,958894,995509,36520,1029025.000000,101623464.000000
1031.000302,0,959873,996522,36533,1030025.000000,101725928.000000
1032.000302,0,960856,997513,36556,1031025.000000,101830512.000000
1033.000302,0,961826,998498,36568,1032025.000000,101930624.000000
1034.000302,0,962787,999460,36582,1033025.000000,102031000.000000
1035.000302,0,963744,1000470,36604,1034025.000000,102131088.000000
1036.000302,0,964731,1001526,36693,1035025.000000,102238880.000000
1037.000302,0,965707,1002516,36705,1036025.000000,102339288.000000
1038.000302,0,966689,1003520,36728,1037025.000000,102443632.000000
1039.000302,0,967670,1004526,36749,1038025.000000,102548672.000000
1040.000302,0,968655,1005550,36791,1039025.000000,102655304.000000
1041.000302,0,969591,1006493,36805,1040025.000000,102751456.000000
1042.000302,0,970569,1007496,36820,1041025.000000,102854240.000000
1043.000302,0,971550,1008506,36845,1042025.000000,102958576.000000
1044.000302,0,972533,1009497,36863,1043025.000000,103064288.000000
1045.000302,0,973517,1010510,36885,1044025.000000,103169128.000000
1046.000302,0,974507,1011512,36897,1045025.000000,103274296.000000
1047.000302,0,975496,1012538,36931,1046025.000000,103381632.000000
1048.000302,0,976478,1013525,36943,1047025.000000,103485456.000000
1049.000302,0,977463,1014510,36947,1048025.000000,103587040.000000
1050.000302,0,978450,1015511,36954,1049025.000000,103689896.000000
1051.000302,0,979440,1016531,36977,1050025.000000,103796160.000000
1052.000302,0,980416,1017511,36995,1051025.000000,103898824.000000
1053.000302,0,981392,1018511,37006,1052025.000000,104001312.000000
1054.000302,0,982375,1019529,37047,1053025.000000,104108528.000000
1055.000302,0,983356,1020522,37063,1054025.000000,104211920.000000
1056.000302,0,984350,1021528,37067,1055025.000000,104316104.000000
1057.000302,0,985323,1022515,37084,1056025.000000,104417816.000000
1058.000302,0,986315,1023527,37104,1057025.000000,104525712.000000
1059.000302,0,987300,1024517,37113,1058025.000000,104629184.000000
1060.000302,0,988293,1025549,37134,1059025.000000,104735264.000000
1061.000302,0,989284,1026589,37188,1060025.000000,104843896.000000
1062.000302,0,990270,1027599,37219,1061025.000000,104949984.000000
1063.000302,0,991261,1028596,37227,1062025.000000,105054408.000000
1064.000302,0,992253,1029598,37238,1063025.000000,105160368.000000
1065.000302,0,993234,1030595,37253,1064025.000000,105264040.000000
1066.000302,0,994221,1031591,37263,1065025.000000,105368216.000000
1067.000302,0,995211,1032594,37274,1066025.000000,105473192.000000
1068.000302,0,996176,1033558,37284,1067025.000000,105573360.000000
1069.000302,0,997161,1034595,37321,1068025.000000,105679144.000000
1070.000302,0,998149,1035609,37347,1069025.000000,105784792.000000
1071.000302,0,999135,1036598,37364,1070025.000000,105888768.000000
1072.000302,0,1000112,1037595,37378,1071025.000000,105990352.000000
1073.000302,0,1001103,1038611,37398,1072025.000000,106096776.000000
1074.000302,0,1002092,1039630,37423,1073025.000000,106203080.000000
1075.000302,0,1003078,1040627,37439,1074025.000000,106307256.000000
1076.000302,0,1004069,1041631,37453,1075025.000000,106413384.000000
1077.000302,0,1005062,1042640,37475,1076025.000000,106521048.000000
1078.000302,0,1006036,1043622,37485,1077025.000000,106621704.000000
1079.000302,0,1007015,1044613,37489,1078025.000000,106722912.000000
1080.000302,0,1008003,1045681,37564,1079025.000000,106831120.000000
1081.000302,0,1008937,1046626,37587,1080025.000000,106929048.000000
1082.000302,0,1009915,1047618,37594,1081025.000000,107030840.000000
1083.000302,0,1010898,1048642,37650,1082025.000000,107136904.000000
1084.000302,0,1011857,1049622,37656,1083025.000000,107236560.000000
1085.000302,0,1012847,1050630,37682,1084025.000000,107344040.000000
1086.000302,0,1013798,1051598,37693,1085025.000000,107441464.000000
1087.000302,0,1014786,1052620,37715,1086025.000000,107548272.000000
1088.000302,0,1015776,1053614,37738,1087025.000000,107654112.000000
1089.000302,0,1016749,1054599,37751,1088025.000000,107755248.000000
1090.000302,0,1017720,1055586,37759,1089025.000000,107856176.000000
1091.000302,0,1018706,1056630,37816,1090025.000000,107963328.000000
1092.000302,0,1019673,1057597,37825,1091025.000000,108063896.000000
1093.000302,0,1020639,1058564,37834,1092025.000000,108163512.000000
1094.000302,0,1021616,1059564,37840,1093025.000000,108265456.000000
1095.000302,0,1022608,1060598,37875,1094025.000000,108373712.000000
1096.000302,0,1023600,1061617,37909,1095025.000000,108480688.000000
1097.000302,0,1024596,1062648,37946,1096025.000000,108589432.000000
1098.000302,0,1025569,1063628,37957,1097025.000000,108689936.000000
1099.000302,0,1026560,1064659,37985,1098025.000000,108796760.000000
1100.000302,0,1027544,1065652,38009,1099025.000000,108902072.000000
1101.000302,0,1028517,1066637,38017,1100025.000000,109002144.000000
1102.000302,0,1029499,1067636,38027,1101025.000000,109104320.000000
1103.000302,0,1030490,1068667,38069,1102025.000000,109212304.000000
1104.000302,0,1031441,1069621,38080,1103025.000000,109311272.000000
1105.000302,0,1032422,1070630,38095,1104025.000000,109414624.000000
1106.000302,0,1033411,1071661,38138,1105025.000000,109522976.000000
1107.000302,0,1034396,1072671,38161,1106025.000000,109628992.000000
1108.000302,0,1035368,1073647,38176,1107025.000000,109730776.000000
1109.000302,0,1036351,1074661,38205,1108025.000000,109835304.000000
1110.000302,0,1037329,1075649,38223,1109025.000000,109937840.000000
1111.000302,0,1038283,1076632,38236,1110025.000000,110037632.000000
1112.000302,0,1039274,1077658,38274,1111025.000000,110145616.000000
1113.000302,0,1040265,1078658,38287,1112025.000000,110252416.000000
1114.000302,0,1041228,1079626,38300,1113025.000000,110351936.000000
1115.000302,0,1042208,1080636,38319,1114025.000000,110455600.000000
1116.000302,0,1043200,1081642,38334,1115025.000000,110563224.000000
1117.000302,0,1044187,1082682,38394,1116025.000000,110670720.000000
1118.000302,0,1045164,1083672,38402,1117025.000000,110772840.000000
1119.000302,0,1046150,1084692,38433,1118025.000000,110879144.000000
1120.000302,0,1047134,1085677,38445,1119025.000000,110982736.000000
1121.000302,0,1048117,1086689,38465,1120025.000000,111087184.000000
1122.000302,0,1049098,1087682,38483,1121025.000000,111190888.000000
1123.000302,0,1050058,1088666,38496,1122025.000000,111290176.000000
1124.000302,0,1051042,1089682,38535,1123025.000000,111397208.000000
1125.000302,0,1052035,1090686,38547,1124025.000000,111503528.000000
1126.000302,0,1053015,1091682,38561,1125025.000000,111606760.000000
1127.000302,0,1054005,1092699,38580,1126025.000000,111713120.000000
1128.000302,0,1054999,1093760,38659,1127025.000000,111821544.000000
1129.000302,0,1055951,1094741,38680,1128025.000000,111920488.000000
1130.000302,0,1056938,1095743,38700,1129025.000000,112026088.000000
1131.000302,0,1057914,1096726,38709,1130025.000000,112127080.000000
1132.000302,0,1058897,1097732,38722,1131025.000000,112230264.000000
1133.000302,0,1059888,1098791,38796,1132025.000000,112338880.000000
1134.000302,0,1060845,1099754,38808,1133025.000000,112437352.000000
1135.000302,0,1061835,1100754,38816,1134025.000000,112541056.000000
1136.000302,0,1062767,1101703,38829,1135025.000000,112636120.000000
1137.000302,0,1063756,1102710,38844,1136025.000000,112741952.000000
1138.000302,0,1064743,1103733,38874,1137025.000000,112849848.000000
1139.000302,0,1065729,1104729,38900,1138025.000000,112955240.000000
1140.000302,0,1066698,1105707,38908,1139025.000000,113055240.000000
1141.000302,0,1067689,1106710,38916,1140025.000000,113158872.000000
1142.000302,0,1068680,1107736,38941,1141025.000000,113266616.000000
1143.000302,0,1069675,1108808,39013,1142025.000000,113375888.000000
1144.000302,0,1070665,1109832,39064,1143025.000000,113482912.000000
1145.000302,0,1071632,1110802,39076,1144025.000000,113583048.000000
1146.000302,0,1072592,1111802,39092,1145025.000000,113683448.000000
1147.000302,0,1073580,1112818,39132,1146025.000000,113791296.000000
1148.000302,0,1074563,1113811,39149,1147025.000000,113894848.000000
1149.000302,0,1075544,1114829,39176,1148025.000000,113999256.000000
1150.000302,0,1076541,1115830,39182,1149025.000000,114106528.000000
1151.000302,0,1077531,1116826,39195,1150025.000000,114212416.000000
1152.000302,0,1078476,1117780,39204,1151025.000000,114308880.000000
1153.000302,0,1079463,1118777,39209,1152025.000000,114410912.000000
1154.000302,0,1080451,1119804,39241,1153025.000000,114518240.000000
1155.000302,0,1081434,1120783,39252,1154025.000000,114623016.000000
1156.000302,0,1082359,1121724,39258,1155025.000000,114717616.000000
1157.000302,0,1083351,1122761,39297,1156025.000000,114825840.000000
1158.000302,0,1084334,1123742,39310,1157025.000000,114928872.000000
1159.000302,0,1085305,1124735,39323,1158025.000000,115029088.000000
1160.000302,0,1086295,1125751,39351,1159025.000000,115135760.000000
1161.000302,0,1087255,1126718,39364,1160025.000000,115234992.000000
1162.000302,0,1088236,1127719,39376,1161025.000000,115337488.000000
1163.000302,0,1089224,1128749,39420,1162025.000000,115445280.000000
1164.000302,0,1090200,1129720,39427,1163025.000000,115545448.000000
1165.000302,0,1091168,1130706,39436,1164025.000000,115644768.000000
1166.000302,0,1092156,1131718,39451,1165025.000000,115749976.000000
1167.000302,0,1093146,1132719,39464,1166025.000000,115857152.000000
1168.000302,0,1094139,1133730,39485,1167025.000000,115964336.000000
1169.000302,0,1095117,1134746,39524,1168025.000000,116070624.000000
1170.000302,0,1096066,1135708,39538,1169025.000000,116168960.000000
1171.000302,0,1097026,1136680,39553,1170025.000000,116267520.000000
1172.000302,0,1098016,1137723,39592,1171025.000000,116373992.000000
1173.000302,0,1099009,1138718,39608,1172025.000000,116480272.000000
1174.000302,0,1099972,1139688,39615,1173025.000000,116578952.000000
1175.000302,0,1100955,1140689,39628,1174025.000000,116682472.000000
1176.000302,0,1101944,1141696,39641,1175025.000000,116787904.000000
1177.000302,0,1102931,1142693,39651,1176025.000000,116890704.000000
1178.000302,0,1103914,1143692,39675,1177025.000000,116996512.000000
1179.000302,0,1104875,1144662,39682,1178025.000000,117095000.000000
1180.000302,0,1105861,1145681,39707,1179025.000000,117199816.000000
1181.000302,0,1106849,1146674,39723,1180025.000000,117305080.000000
1182.000302,0,1107833,1147677,39733,1181025.000000,117407408.000000
1183.000302,0,1108819,1148688,39763,1182025.000000,117514352.000000
1184.000302,0,1109805,1149683,39773,1183025.000000,117617408.000000
1185.000302,0,1110787,1150710,39812,1184025.000000,117723848.000000
1186.000302,0,1111766,1151680,39821,1185025.000000,117825816.000000
1187.000302,0,1112739,1152695,39844,1186025.000000,117930000.000000
1188.000302,0,1113729,1153729,39895,1187025.000000,118038608.000000
1189.000302,0,1114700,1154703,39903,1188025.000000,118139008.000000
1190.000302,0,1115673,1155680,39910,1189025.000000,118239264.000000
1191.000302,0,1116654,1156683,39920,1190025.000000,118343304.000000
1192.000302,0,1117641,1157697,39947,1191025.000000,118450184.000000
1193.000302,0,1118633,1158695,39957,1192025.000000,118555032.000000
1194.000302,0,1119617,1159695,39968,1193025.000000,118658384.000000
1195.000302,0,1120607,1160704,39986,1194025.000000,118764456.000000
1196.000302,0,1121597,1161696,39992,1195025.000000,118868168.000000
1197.000302,0,1122585,1162705,40010,1196025.000000,118973416.000000
1198.000302,0,1123572,1163718,40041,1197025.000000,119080744.000000
1199.000302,0,1124562,1164711,40050,1198025.000000,119184928.000000
